producto,precio_original,vendedor,envio_gratis,oferta
Short Hombre Gym | Short Deportivo Hombre | Alphafit,109.0,,1,1
Polo Licrado Deportivo Hombre Gym - Ropa Deportiva Alphafit ,79.0,,1,1
Short Hombre Deportivo Gym | Short Playero Corto | Ropa Baño,109.0,,1,1
Premium Whey Isolate 5kg Proteina Aislada Cero Grasa Y Carbo,380.0,,1,0
Iso Whey 90 5 Kg / 5 Kilos Un - | Envío Domicilio,341.0,,1,0
Bividi Hombre Gym | Bividi Deportivo | Bvd Ropa Deportiva,79.0,,1,0
Set De Entrenamiento 5 En 1 Abdominales + Delivery Gratis,63.0,,0,0
Ballet Conjunto Rosa 6pzs Manga Corta Tutú 2 Capas - Niña,99.0,,1,0
Chaleco De Peso 10kg,79.0,,0,1
Mutant Mass 15lbs Ganador De Peso + Vaso Mutant Gratis,365.0,,1,1
"Training Mask, Mascarilla Deportiva De Entrenamiento",39.0,,0,0
Falda Envolvente Negra Para Ballet & Danza,39.0,,0,0
Proteina 100% Isolatada Iso Xp Applied Nutrition 2 Kilos,399.0,,1,1
Guantes Deportivos Con Muñequera | Para Gimnasio Y Ciclismo,79.0,,1,0
Medias Deportivas Antideslizantes Técnicas Trusox Deportes,39.0,,1,1
Aro Hula Ula De 60 Cm Deportivo Entrenamiento Gimnasia,25.0,,0,0
Pastillas Cafeína Pre Workout Entreno 200mg  ,99.0,,1,1
Guante Deportivo Con Muñequera Transpirable Pesas Gym ,69.0,,1,1
Ácido Alfa Lipoico 600mg X 240 Capsulas Importado,89.0,,1,0
Cúrcuma Capsulas 95% Curcuminoids Turmeric,65.0,,1,1
Gorra Béisbol Gorro De Algodón Importado ,55.0,,0,0
Mascaras Deportivas De Entrenamiento 3.0 Training Mask,189.0,,0,1
"Gold Standard 100% Whey 5lb, Proteína, Optimum Nutrition",369.0,,1,1
Casaca Deportiva Hombre - Casaca Deporte - Ropa Deportiva,129.0,,1,1
Guantes Para Gimnasio Pesas Con Muñequera Xl (talla Pequeña),24.0,,0,0
"Nitro Tech 100% Whey Gold 5.5 Lb, Muscletech",329.0,,1,1
Guantes Deportivos De Entranamiento Mitón Gym Calidad Rosado,49.0,,0,0
Maleta Deportiva Ix Sport Bolsa De Gimnasio Multifuncional B,95.0,,1,0
Chaleco De Peso D 10 Kilos + Tobillera De Arena En Promocion,100.0,,0,0
Short Hombre Gym | Short Deportivo Hombre | Alphafit,109.0,,1,1
Medias De Algodón Deportivas Taloneras Pack De 6,39.0,,0,0
Gorras Trucker Camioneras Marcas De Cervezas Heineken,49.0,,1,0
Chaleco Lastrado Importado 10k,179.0,,0,0
Par 2 Muñequeras Vendas Srtaps Deportiva Comprensión Gym,49.0,,0,0
Metatarsianos Para Danza & Ballet,29.0,,0,0
Bigm 5 Kg + Regalo + Delivery ,139.0,,1,0
Chaleco De Peso 20 Kg Regulable Para Calistenia Crossfit Gym,120.0,,0,0
Nitro Whey 5kg / Sabores Variados - Delivery A Domicilio,228.0,,1,0
Vincha Orejera Montaña Frio Nieve Trekking ,28.0,,0,0
Muñequera Elástica Deportes,7.0,,0,0
Sneaker Shield / Antiarrugas Antipliegues Para Zapatillas ,16.0,,0,0
Chaleco De Peso 20kg,125.0,,0,1
Gorra Stp Vintage Racing Carrera Taller Mecánico Camionero,150.0,,1,1
"Trampolín Deportivo Fitness, El Trampolín Para Ejercicios ",439.0,,0,0
Buzo De La Seleccion Peruana 2022 | De Presentacion Peru,144.0,,0,0
Rodillera Deportiva Protector De Rotula Para Dolor Articular,90.0,,1,0
"Gold Standard 100% Whey 10lb, Proteína Optimum Nutrition",599.0,,1,0
Chaleco De Peso 10 Kg Regulable Para Calistenia Crossfit Gym,79.0,,0,0
Tutú Rosa Dos Capas Para Ballet & Danza - Niñas,35.0,,0,0
"Guantes Deportivos Con Muñequera Para Gym, Crossfit, Pesas  ",69.0,,0,0
Poncho Ligero Impermeable Camping Viaje - Adios A La Lluvia,7.0,,0,0
"Calcetines De Tobillo Para Deportes, Protección Del Tobillo ",59.0,,1,0
"Guante Deportivo Con Muñequera  Gym, Crossfit, Pesas",69.0,,1,1
"Vendas De Boxeo Profesionales 5mt Azul, Vendaje Deportivo",39.0,,0,0
Gorras Trucker Camioneras Personalizadas Hot Wheels,49.0,,1,0
Iso Whey90 1200gr + Shaker ¡¡ Delivery Gratis !!,112.0,,1,0
